filepath,filename,unique_color_count
/home/anhndt/draw-with-llm/data/results/version_12--image_compression/02d892/output_attempt_1.svg,output_attempt_1.svg,11
/home/anhndt/draw-with-llm/data/results/version_12--image_compression/02d892/output_attempt_2.svg,output_attempt_2.svg,10
/home/anhndt/draw-with-llm/data/results/version_12--image_compression/02d892/output_attempt_3.svg,output_attempt_3.svg,10
/home/anhndt/draw-with-llm/data/results/version_12--image_compression/0dcd2e/output_attempt_1.svg,output_attempt_1.svg,10
/home/anhndt/draw-with-llm/data/results/version_12--image_compression/0dcd2e/output_attempt_2.svg,output_attempt_2.svg,10
/home/anhndt/draw-with-llm/data/results/version_12--image_compression/0dcd2e/output_attempt_3.svg,output_attempt_3.svg,10
/home/anhndt/draw-with-llm/data/results/version_12--image_compression/1e9ac1/output_attempt_1.svg,output_attempt_1.svg,12
/home/anhndt/draw-with-llm/data/results/version_12--image_compression/1e9ac1/output_attempt_2.svg,output_attempt_2.svg,10
/home/anhndt/draw-with-llm/data/results/version_12--image_compression/1e9ac1/output_attempt_3.svg,output_attempt_3.svg,11
/home/anhndt/draw-with-llm/data/results/version_12--image_compression/2b25db/output_attempt_1.svg,output_attempt_1.svg,8
/home/anhndt/draw-with-llm/data/results/version_12--image_compression/2b25db/output_attempt_2.svg,output_attempt_2.svg,10
/home/anhndt/draw-with-llm/data/results/version_12--image_compression/2b25db/output_attempt_3.svg,output_attempt_3.svg,12
/home/anhndt/draw-with-llm/data/results/version_12--image_compression/4e6a54/output_attempt_1.svg,output_attempt_1.svg,10
/home/anhndt/draw-with-llm/data/results/version_12--image_compression/4e6a54/output_attempt_2.svg,output_attempt_2.svg,10
/home/anhndt/draw-with-llm/data/results/version_12--image_compression/4e6a54/output_attempt_3.svg,output_attempt_3.svg,10
/home/anhndt/draw-with-llm/data/results/version_12--image_compression/4f1b00/output_attempt_1.svg,output_attempt_1.svg,8
/home/anhndt/draw-with-llm/data/results/version_12--image_compression/4f1b00/output_attempt_2.svg,output_attempt_2.svg,11
/home/anhndt/draw-with-llm/data/results/version_12--image_compression/4f1b00/output_attempt_3.svg,output_attempt_3.svg,10
/home/anhndt/draw-with-llm/data/results/version_12--image_compression/61b500/output_attempt_1.svg,output_attempt_1.svg,12
/home/anhndt/draw-with-llm/data/results/version_12--image_compression/61b500/output_attempt_2.svg,output_attempt_2.svg,10
/home/anhndt/draw-with-llm/data/results/version_12--image_compression/61b500/output_attempt_3.svg,output_attempt_3.svg,10
/home/anhndt/draw-with-llm/data/results/version_12--image_compression/65cc74/output_attempt_1.svg,output_attempt_1.svg,7
/home/anhndt/draw-with-llm/data/results/version_12--image_compression/65cc74/output_attempt_2.svg,output_attempt_2.svg,8
/home/anhndt/draw-with-llm/data/results/version_12--image_compression/65cc74/output_attempt_3.svg,output_attempt_3.svg,8
/home/anhndt/draw-with-llm/data/results/version_12--image_compression/7c4414/output_attempt_1.svg,output_attempt_1.svg,10
/home/anhndt/draw-with-llm/data/results/version_12--image_compression/7c4414/output_attempt_2.svg,output_attempt_2.svg,10
/home/anhndt/draw-with-llm/data/results/version_12--image_compression/7c4414/output_attempt_3.svg,output_attempt_3.svg,10
/home/anhndt/draw-with-llm/data/results/version_12--image_compression/996c3a/output_attempt_1.svg,output_attempt_1.svg,10
/home/anhndt/draw-with-llm/data/results/version_12--image_compression/996c3a/output_attempt_2.svg,output_attempt_2.svg,8
/home/anhndt/draw-with-llm/data/results/version_12--image_compression/996c3a/output_attempt_3.svg,output_attempt_3.svg,10
/home/anhndt/draw-with-llm/data/results/version_12--image_compression/9b71cc/output_attempt_1.svg,output_attempt_1.svg,11
/home/anhndt/draw-with-llm/data/results/version_12--image_compression/9b71cc/output_attempt_2.svg,output_attempt_2.svg,10
/home/anhndt/draw-with-llm/data/results/version_12--image_compression/9b71cc/output_attempt_3.svg,output_attempt_3.svg,11
/home/anhndt/draw-with-llm/data/results/version_12--image_compression/a395a3/output_attempt_1.svg,output_attempt_1.svg,10
/home/anhndt/draw-with-llm/data/results/version_12--image_compression/a395a3/output_attempt_2.svg,output_attempt_2.svg,8
/home/anhndt/draw-with-llm/data/results/version_12--image_compression/a395a3/output_attempt_3.svg,output_attempt_3.svg,10
/home/anhndt/draw-with-llm/data/results/version_12--image_compression/ad4c5c/output_attempt_1.svg,output_attempt_1.svg,12
/home/anhndt/draw-with-llm/data/results/version_12--image_compression/ad4c5c/output_attempt_2.svg,output_attempt_2.svg,11
/home/anhndt/draw-with-llm/data/results/version_12--image_compression/ad4c5c/output_attempt_3.svg,output_attempt_3.svg,11
/home/anhndt/draw-with-llm/data/results/version_12--image_compression/b679e3/output_attempt_1.svg,output_attempt_1.svg,10
/home/anhndt/draw-with-llm/data/results/version_12--image_compression/b679e3/output_attempt_2.svg,output_attempt_2.svg,12
/home/anhndt/draw-with-llm/data/results/version_12--image_compression/b679e3/output_attempt_3.svg,output_attempt_3.svg,11
/home/anhndt/draw-with-llm/data/results/version_12--image_compression/f16e62/output_attempt_1.svg,output_attempt_1.svg,10
/home/anhndt/draw-with-llm/data/results/version_12--image_compression/f16e62/output_attempt_2.svg,output_attempt_2.svg,10
/home/anhndt/draw-with-llm/data/results/version_12--image_compression/f16e62/output_attempt_3.svg,output_attempt_3.svg,11
